828,emqLW9P
838,9hRi2jN
844,rjMI2Dh
870,kvONUG2
871,xgXiOhC
875,AqLvXJh
899,DTi2Lpj
917,0HRcom2
922,7Dc5hoY
933,vUpXiLV
935,1LRaXD8
936,pVZBfjr
937,ui8Svzk
966,uswQw9O
977,SmvGcrW
979,VbGrObc
983,czW33QY
994,3SePfU7
995,NM7jyZO
997,LLNTDLJ
998,CZbvgQk
1007,kxcarqu
1013,1hFj1TR
1014,YO9lcv6
1017,ke6bSqJ
1022,BJtXeYG
1027,Fc1FxGh
1028,HvkGvdM
1031,L88K8FX
1034,XtJqFGo
1036,octj5GM
1037,bfLhZjO
1042,eP7i4kd
1047,eeg9I6I
1049,R8se5g1
1050,IeFsLzB
1054,Hlddbws
1055,U7yUESX
1058,LSXJa2n
1059,IEfzr1x
1060,UFP60wK
1061,RDAU5p3
1062,oE5HrD2
1063,Hc8TPLE
1065,VHb0kDV
1066,XrW2U0w
1067,WO7kutM
1068,MUg63B0
1069,uh9ulqI
1070,hbhAAAL
1072,XkfOm9S
1079,Z3fFFcj
1082,xYUFYO2
1085,5VLD3Sy
1087,u9WY7EX
1088,4az5Vt0
1090,mp9jl5b
1091,I8qRYof
1094,QbgBBjZ
1096,fuo4FTZ
1100,obFfqRR
1101,Ms0TAgv
1110,PnGDvDh
1113,KFRUTlw
1114,AsvWEBx
1115,zADtGy9
1117,JsdG0O7
1118,FyqS8mY
1121,8yVgSrL
1123,STXGPDI
1124,4v9nLC2
1127,Cg6FaeK
1128,gkGP6Jm
1129,OSFqoHG
1130,AipOuXE
1133,Kexy4xX
1134,yUh8kbj
1136,TwMhBEq
1139,aQsw4jz
1140,6hIcJ3K
1142,6Sf9BWS
1143,PfWURE9
1144,xirKKdY
1146,RsNxI6z
1149,mGMbe8Z
1153,MauOtlK
1154,AjH2lJX
1157,DYoR7MQ
1158,QE6C25p
1161,LYbn5X3
1165,EKbvfuO
1166,sbLwkCj
1167,0E0Wnlt
1173,O7O5mEz
1174,Dfqvwu3
1175,rgcCNhn
1176,xasWWC9
1178,4J8j1Iw
1180,p7uFkst
1181,76RdiIG
1182,qp0KuNs
1183,brbW4yu
1184,6nKs34C
1185,4HMamDy
1187,IKdNXuC
1188,kuOdJnU
1191,5Km9Cks
1195,0n25aBB
1197,DKOpBoz
1199,AXcyili
1202,k4h5vsJ
1203,azh9nJg
1204,NHwe4AB
1206,ZKjv68T
1209,miYhUCA
1212,0MX1Fgm
1213,Vyj02oV
1214,frb7LPs
1215,FRwL8AU
1219,H30w4Bx
1221,5GJx4qD
1222,B0Z9THu
1223,IbaoBYU
1224,Z8mFGXl
1225,zTrdkpr
1226,4Ipw6rm
1227,HFXOX6m
1228,jhKSjuZ
1231,M0JsPyi
1232,BAvHHiR
1233,Ik8gcd7
1234,BkOb6P7
1235,XjLCW6Y
1236,BkOb6P7
1238,1nQaimd
1243,dsiKWbF
1245,LNQsdFX
1246,l6pc6QW
1247,ZmI7fH1
1248,c3PN3UP
1250,DYULPjc
1252,4az5Vt0
1253,s5HDVGT
1254,OR3hXPn
1255,1D7gVkT
1256,uAO6b4T
1257,lVPYCEk
1258,wkeLTn4
1260,deH5Z0g
1262,tTEleuJ
1263,h93CCQs
1264,8iGuuAK
1265,lLBcgod
1267,GuVHS9D
1268,XSOq3Yh
1269,CZZy4n2
1271,V8LEZbk
1274,6GNJHpq
1275,8DLOR8V
1276,zI9klCC
1277,Qd7Pefv
1281,uDZN3ha
1282,Hki87DC
1283,TMhU9v6
1284,akiCvCK
1285,nwqtVvg
1287,qwPDWiP
1288,sWj1s2H
1289,4W6a7sg
1290,vLNCjLG
1291,a1GUNVx
1292,7exuxg2
1293,w1MtJ8J
1295,BhM79fC
1296,NSSDYLG
1300,cKcx3Lf
1301,mH7V94j
1306,UNhWQiV
1307,YNF0hCq
1308,IzXDazx
1309,jEL5rtB
1313,TU56bkG
1314,H63pkkq
1315,3ojEVye
1318,WGjCrGN
1319,xuMZKUZ
1320,qlbArUu
1321,PidjmcN
1322,L061EkF
1323,RRKKAdY
1325,HCLvEL5
1326,rp8YBK9
1327,O2w5gx4
1330,RE9bZsg
1331,RE9bZsg
1334,RcLee6D
1336,eCkzstH
1340,478q4rP
1341,1nDfUNp
1342,jxdXvvu
1343,SaOXV78
1346,JTqQRTE
1347,JTqQRTE
1348,7wJGpZb
1349,83VTGG5
1350,jLBIIZg
1352,BI3lCUd
1354,LZ0eVIY
1355,uhTRHyS
1356,RiLpHhL
1357,DiUgsGO
1358,D6Ri6Ub
1360,odMDVC2
1362,boDhoVu
1363,12peFK8
1366,DwDGr8e
1367,RcU69ej
1372,TWGbQBZ
1377,5ciGZDD
1378,fKWQ95i
1381,ghZM0FE
1382,bcVVajh
1383,ogrxhQW
1384,6kCVpXH
1385,Sc9qAgs
1386,hACJf0a
1388,17djyaF
1389,8Jb5aSo
1390,gj9YzAV
1391,KsRaDgD
1392,RySz2sL
1394,sgmHDze
